sha256,label,image_path
7fb688f33ebc7b9c193aa87c8638f78e93511354a187822e7d06c1668f30da82,1,data/malware_images/images/Trickbot/7fb688f33ebc7b9c193aa87c8638f78e93511354a187822e7d06c1668f30da82.png
c7cf8df01a5431dc20b13240a7ee104d0dca74220a6d4942f11e81fe6ba3a5c7,0,data/benign_staging/benign/c7cf8df01a5431dc20b13240a7ee104d0dca74220a6d4942f11e81fe6ba3a5c7.png
e06904e7b2cd5be19bd05b7ec99b8912e18e830a8fa586442c54598bbd4b8dc5,0,data/benign_staging/benign/e06904e7b2cd5be19bd05b7ec99b8912e18e830a8fa586442c54598bbd4b8dc5.png
fcc391697b348cbfaa4cd0cd426c4d549600a511d01acb15f6ef65828b34ed4f,0,data/benign_staging/benign/fcc391697b348cbfaa4cd0cd426c4d549600a511d01acb15f6ef65828b34ed4f.png
35f3a3ce8bc8fb131fe4d9b57dd3dd5d8dbc28b6204b984e36378cd1d8ef0aee,1,data/malware_images/images/Trickbot/35f3a3ce8bc8fb131fe4d9b57dd3dd5d8dbc28b6204b984e36378cd1d8ef0aee.png
bbf7fd726d63b469fc4304ab10071f847f5518dfe4350bbeaf19889c56a39cc0,0,data/benign_staging/benign/bbf7fd726d63b469fc4304ab10071f847f5518dfe4350bbeaf19889c56a39cc0.png
cf6b9d50566fe49c0832696344f466b61f66c29ff41670d83ea6503a85b391e8,0,data/benign_staging/benign/cf6b9d50566fe49c0832696344f466b61f66c29ff41670d83ea6503a85b391e8.png
9e8cece950c181dd27eb143dc8d06361508b0087685108f4fb6f0959824c51df,0,data/benign_staging/benign/9e8cece950c181dd27eb143dc8d06361508b0087685108f4fb6f0959824c51df.png
e8cf92992112fb50fe0c66073f92981a09e02ca79bf6611e532090163ae6647c,0,data/benign_staging/benign/e8cf92992112fb50fe0c66073f92981a09e02ca79bf6611e532090163ae6647c.png
2f20c89c8c297168e6604f04528812eac2bc8034ddbbd0cd880b0927b17eebbc,1,data/malware_images/images/Gozi/2f20c89c8c297168e6604f04528812eac2bc8034ddbbd0cd880b0927b17eebbc.png
acd781dfe44f61dafb6b3fc6f648c4833b96872caca16e7d746c914987979dd5,1,data/malware_images/images/GuLoader/acd781dfe44f61dafb6b3fc6f648c4833b96872caca16e7d746c914987979dd5.png
e1f3b8e2c8bf9af6fc2c90883dfe5e919de71d621c521ab8e3dddbf600cb49b6,1,data/malware_images/images/njrat/e1f3b8e2c8bf9af6fc2c90883dfe5e919de71d621c521ab8e3dddbf600cb49b6.png
d6f91f6a8320717f05d303f2d69c5911f8dc148e9d212600092bdd3184605ecc,1,data/malware_images/images/GuLoader/d6f91f6a8320717f05d303f2d69c5911f8dc148e9d212600092bdd3184605ecc.png
cb3783736b61c9aca15d09e4b8baa8dd722653b9554cc974b8f9850a1bc4e54a,0,data/benign_staging/benign/cb3783736b61c9aca15d09e4b8baa8dd722653b9554cc974b8f9850a1bc4e54a.png
07028b82ed457f66a17b116a6c66593ea5c74b8db4e6d1c1ea7a366a2570b87e,0,data/benign_staging/benign/07028b82ed457f66a17b116a6c66593ea5c74b8db4e6d1c1ea7a366a2570b87e.png
2889b601d0a0bbee5951f47adc2ae627708b9004ee4aed08ce70bfef492a2f84,0,data/benign_staging/benign/2889b601d0a0bbee5951f47adc2ae627708b9004ee4aed08ce70bfef492a2f84.png
2611cfa6bcd3f7091295874a0ec377d442b3075a546c6bbc9d07060a9c31cd49,1,data/malware_images/images/njrat/2611cfa6bcd3f7091295874a0ec377d442b3075a546c6bbc9d07060a9c31cd49.png
668aa989d9614170bad38793f1c73d7dbb7d927fd8446a2c21f8350e31c87a4e,1,data/malware_images/images/njrat/668aa989d9614170bad38793f1c73d7dbb7d927fd8446a2c21f8350e31c87a4e.png
d059faec3eca0aaba76b7181f905a8ebac925cf6ae556ff2a29f338a56d15f79,0,data/benign_staging/benign/d059faec3eca0aaba76b7181f905a8ebac925cf6ae556ff2a29f338a56d15f79.png
deb96a76c4d9b93096dbce2ba182c63829454e8fda95a8d01098ecd7fabee640,0,data/benign_staging/benign/deb96a76c4d9b93096dbce2ba182c63829454e8fda95a8d01098ecd7fabee640.png
e80369b54bbf2bc23411327b76d96d628105cb47744d2344c4a9a8dc63e2bcae,0,data/benign_staging/benign/e80369b54bbf2bc23411327b76d96d628105cb47744d2344c4a9a8dc63e2bcae.png
22a028d138a87ac7c6f7e5eb054032eecddae1a76361c9443095e65fb6f51850,1,data/malware_images/images/IcedID/22a028d138a87ac7c6f7e5eb054032eecddae1a76361c9443095e65fb6f51850.png
f2482fe8aebc9d6189c23088919a9e7aeea763e2b96173020dcfa6bd1c58997c,0,data/benign_staging/benign/f2482fe8aebc9d6189c23088919a9e7aeea763e2b96173020dcfa6bd1c58997c.png
0063cbbaeca361f5283e6dabbce2c546b5bbb811bd32b92cb9699f9fd15a0f17,1,data/malware_images/images/njrat/0063cbbaeca361f5283e6dabbce2c546b5bbb811bd32b92cb9699f9fd15a0f17.png
83456f70dec6de88075e8f81f212d4d0798f3dd42e37838c6d824cfd5bf2fa67,1,data/malware_images/images/njrat/83456f70dec6de88075e8f81f212d4d0798f3dd42e37838c6d824cfd5bf2fa67.png
014b422e6c1bc23db2b5898dd0c49ac61fbac174c1e0d916f68b41cfb535cdb5,1,data/malware_images/images/IcedID/014b422e6c1bc23db2b5898dd0c49ac61fbac174c1e0d916f68b41cfb535cdb5.png
88ec1f01619de1296a93e19cbdf9fd14564217fde42e396c65f278b5a0327a6d,0,data/benign_staging/benign/88ec1f01619de1296a93e19cbdf9fd14564217fde42e396c65f278b5a0327a6d.png
1963d310983cb5e188c7e293f1beb638d035a0abef3aea105885d280c0a65090,1,data/malware_images/images/Gozi/1963d310983cb5e188c7e293f1beb638d035a0abef3aea105885d280c0a65090.png
dec2f291a52537a0bad36388b357f47da08ed1bd365cb801ca5c742d102316c6,0,data/benign_staging/benign/dec2f291a52537a0bad36388b357f47da08ed1bd365cb801ca5c742d102316c6.png
86217ca15da106db4f141ecd5ec26dca0cec0ab8d6ca1e03ad154487684e6241,0,data/benign_staging/benign/86217ca15da106db4f141ecd5ec26dca0cec0ab8d6ca1e03ad154487684e6241.png
e2648053f2d4f219974710d988e77ae912058c6f36ebdfd70628cf17492c0bc9,0,data/benign_staging/benign/e2648053f2d4f219974710d988e77ae912058c6f36ebdfd70628cf17492c0bc9.png
a976c6cc7ea1894bd7a7a08ca088e5096e511bb7506a3f0726ae8ef42196103d,1,data/malware_images/images/Heodo/a976c6cc7ea1894bd7a7a08ca088e5096e511bb7506a3f0726ae8ef42196103d.png
50fd4a601f5165a93a50bdef41f255f7d4242c31c4413095e9d294f7029c1b3e,0,data/benign_staging/benign/50fd4a601f5165a93a50bdef41f255f7d4242c31c4413095e9d294f7029c1b3e.png
ce9ecc0e58b25eb430276d91878e898cd5cc05eed51ca1d9f5fdcd8ae6916d91,0,data/benign_staging/benign/ce9ecc0e58b25eb430276d91878e898cd5cc05eed51ca1d9f5fdcd8ae6916d91.png
b37d3aeeac8f2b697eed939a3f43af0b4b2efb691f377c86315769ddcc72ba63,0,data/benign_staging/benign/b37d3aeeac8f2b697eed939a3f43af0b4b2efb691f377c86315769ddcc72ba63.png
c68e9d4aff16f8f4d78cb7a3f85ba3e5d0db63e5c8206719c76ed51f74841009,0,data/benign_staging/benign/c68e9d4aff16f8f4d78cb7a3f85ba3e5d0db63e5c8206719c76ed51f74841009.png
bfb60968447fd09d11aa5cf30add3e591bab3d69da10d9ef178eb68db966f157,0,data/benign_staging/benign/bfb60968447fd09d11aa5cf30add3e591bab3d69da10d9ef178eb68db966f157.png
faaa0098ad3de31c95506576653962bf783bdf347b6d22255d707561e30c5350,1,data/malware_images/images/Trickbot/faaa0098ad3de31c95506576653962bf783bdf347b6d22255d707561e30c5350.png
9d6db716432593b8441a54de92e1656dd26223e3981b7f2ef79f9514f3a03bea,1,data/malware_images/images/Gozi/9d6db716432593b8441a54de92e1656dd26223e3981b7f2ef79f9514f3a03bea.png
4bc86416896092dc2a2ba5fce94147525f54cb8752b52c8f9592fc097cd5516b,1,data/malware_images/images/njrat/4bc86416896092dc2a2ba5fce94147525f54cb8752b52c8f9592fc097cd5516b.png
7a22d72f8b63c01f660f96127346233544f5a297fa09353f35937fcbd0212198,1,data/malware_images/images/Heodo/7a22d72f8b63c01f660f96127346233544f5a297fa09353f35937fcbd0212198.png
bd6f57de76732dbf244fb5efd8b53104b35c8b9fb5c3c99cc5ee2d0edd7d1f66,1,data/malware_images/images/njrat/bd6f57de76732dbf244fb5efd8b53104b35c8b9fb5c3c99cc5ee2d0edd7d1f66.png
fad251b5ca8636364522c9b18368dcf905ba13bb7435c58a3aa30a57186d8da5,0,data/benign_staging/benign/fad251b5ca8636364522c9b18368dcf905ba13bb7435c58a3aa30a57186d8da5.png
77bfe57005d7d29dd60d810c6f2a1daeefee51ee52fa98d4d6d5693c8a06034a,1,data/malware_images/images/Trickbot/77bfe57005d7d29dd60d810c6f2a1daeefee51ee52fa98d4d6d5693c8a06034a.png
fd936ff1ec970becf90aaad422843e6d0f372d4c30a555974022dca31bdf4dfd,0,data/benign_staging/benign/fd936ff1ec970becf90aaad422843e6d0f372d4c30a555974022dca31bdf4dfd.png
ee022f70e46b7bafd48007d5c4a69ec31265afdd082f475a16d603be2b152875,0,data/benign_staging/benign/ee022f70e46b7bafd48007d5c4a69ec31265afdd082f475a16d603be2b152875.png
8bfba21a96ffd381fd83f7d3294939fb3bc590867e10afc53f6dc5f42d2743f7,1,data/malware_images/images/IcedID/8bfba21a96ffd381fd83f7d3294939fb3bc590867e10afc53f6dc5f42d2743f7.png
a4e67e922ae99aa76a534398d0dd875c95811917ab8bd2aead6726df700d328f,1,data/malware_images/images/njrat/a4e67e922ae99aa76a534398d0dd875c95811917ab8bd2aead6726df700d328f.png
d342632039ac803bb5bb2c74872c558847f022ef308d6ee80a6088d5a1adec14,1,data/malware_images/images/GuLoader/d342632039ac803bb5bb2c74872c558847f022ef308d6ee80a6088d5a1adec14.png
202bec0f63167ed57fcb55db48c9830a5323d72c662d9a58b691d16ce4db8c1e,0,data/benign_staging/benign/202bec0f63167ed57fcb55db48c9830a5323d72c662d9a58b691d16ce4db8c1e.png
b596ad2fa8cf15a52b4a18838803e30888c578f04c06a9b115c43f2b515963db,0,data/benign_staging/benign/b596ad2fa8cf15a52b4a18838803e30888c578f04c06a9b115c43f2b515963db.png
88f83a7956a854de208aacba19c8a30a0541ce45cdc02a9463a7069b41f51f50,1,data/malware_images/images/IcedID/88f83a7956a854de208aacba19c8a30a0541ce45cdc02a9463a7069b41f51f50.png
589aa89936b4f189f21e822e6eb2d1645903abf4e3c9c544712ad9b56a3c49b3,1,data/malware_images/images/njrat/589aa89936b4f189f21e822e6eb2d1645903abf4e3c9c544712ad9b56a3c49b3.png
1f5672777a723b52064ff3876f7d582c524483a5205eb509a9aa6c5566fd4f71,1,data/malware_images/images/IcedID/1f5672777a723b52064ff3876f7d582c524483a5205eb509a9aa6c5566fd4f71.png
dacce8074b81d8dd1cd644f6627b1da6d79a8babfd6c8ec4456b2b409eb754c8,0,data/benign_staging/benign/dacce8074b81d8dd1cd644f6627b1da6d79a8babfd6c8ec4456b2b409eb754c8.png
8dfca70c89e2310b9f8af5cff4ace9dc09676db2e19950afb205518c581f9627,1,data/malware_images/images/GuLoader/8dfca70c89e2310b9f8af5cff4ace9dc09676db2e19950afb205518c581f9627.png
d005fd0cecd3a1c4bd88ebbde2c11c7e72177fe9370a3e738d2490adc0c1ec39,0,data/benign_staging/benign/d005fd0cecd3a1c4bd88ebbde2c11c7e72177fe9370a3e738d2490adc0c1ec39.png
a128bdfd9ccc0737d7fe955d49c44d17cfb119a832178aef3df23af772a2c04e,1,data/malware_images/images/njrat/a128bdfd9ccc0737d7fe955d49c44d17cfb119a832178aef3df23af772a2c04e.png
2d901bf0cb31995d596329a8406471c6e82671811c0d16255cfa02154e6dd90b,0,data/benign_staging/benign/2d901bf0cb31995d596329a8406471c6e82671811c0d16255cfa02154e6dd90b.png
b2b796dce52fb672bfbdf9700bdb15cc98300d48537953f40c92d2a5b33baa9f,0,data/benign_staging/benign/b2b796dce52fb672bfbdf9700bdb15cc98300d48537953f40c92d2a5b33baa9f.png
e0ff85318bd5b180ef31d137c8009bdb9f9781e01d722e0fc55ab2aa023e15be,1,data/malware_images/images/Gozi/e0ff85318bd5b180ef31d137c8009bdb9f9781e01d722e0fc55ab2aa023e15be.png
db2897eeea65401ee1bd8feeebd0dbae8867a27ff4575f12b0b8a613444a5ef7,0,data/benign_staging/benign/db2897eeea65401ee1bd8feeebd0dbae8867a27ff4575f12b0b8a613444a5ef7.png
598689258b39e289e5b129dba5689e2805e93ec4094b971225243d43926c4af3,1,data/malware_images/images/Trickbot/598689258b39e289e5b129dba5689e2805e93ec4094b971225243d43926c4af3.png
e506c184b3ffd2eced0869dd2512d3ba8639c3593436c7d66a293aa72ad454f4,0,data/benign_staging/benign/e506c184b3ffd2eced0869dd2512d3ba8639c3593436c7d66a293aa72ad454f4.png
ea10207126ae0aefd678dbe7c0bd4a45df7e54c2f30767cbc44e1a5bd1bf6fa4,1,data/malware_images/images/Trickbot/ea10207126ae0aefd678dbe7c0bd4a45df7e54c2f30767cbc44e1a5bd1bf6fa4.png
43c316b30f9495c5347fae19a2c2fc8be3ccaf8510cde1b81cdb47b1a31971dc,0,data/benign_staging/benign/43c316b30f9495c5347fae19a2c2fc8be3ccaf8510cde1b81cdb47b1a31971dc.png
64354378404d42f492613b144a6d0b3418261f27a380a8a4387424fe0e3ffbc1,0,data/benign_staging/benign/64354378404d42f492613b144a6d0b3418261f27a380a8a4387424fe0e3ffbc1.png
fdc735866eb66f7dc9f718c3f410ef1b17aa2e0fb9f93d0406da4d78eecf20e0,0,data/benign_staging/benign/fdc735866eb66f7dc9f718c3f410ef1b17aa2e0fb9f93d0406da4d78eecf20e0.png
18dc7ad4fd5ffd0ec8b8f12884b41f3ace4e2ba95f704175ebf0a0eead74ba36,1,data/malware_images/images/GuLoader/18dc7ad4fd5ffd0ec8b8f12884b41f3ace4e2ba95f704175ebf0a0eead74ba36.png
af1314349a37d7d69d2269efae8f59b170de196e762d16ad992d88f19972c161,0,data/benign_staging/benign/af1314349a37d7d69d2269efae8f59b170de196e762d16ad992d88f19972c161.png
edacdf7fa483618eed773b7862c588b2146aee4116b914ddb10bc0cf9a5f121b,0,data/benign_staging/benign/edacdf7fa483618eed773b7862c588b2146aee4116b914ddb10bc0cf9a5f121b.png
f9ea0ad3aa90bbb81656995a933a100f6a5b6ce1e17a13f81a9eac5d10564ec4,0,data/benign_staging/benign/f9ea0ad3aa90bbb81656995a933a100f6a5b6ce1e17a13f81a9eac5d10564ec4.png
c5036edef12302796a03515e216497ceb804268ecf6b6235f7384e636488d8d9,0,data/benign_staging/benign/c5036edef12302796a03515e216497ceb804268ecf6b6235f7384e636488d8d9.png
e0e94961fc4187c3c9ffb0909e06203f31682cd3c3fb2dd0855013d601279192,0,data/benign_staging/benign/e0e94961fc4187c3c9ffb0909e06203f31682cd3c3fb2dd0855013d601279192.png
6386bdea82bd60270722ec90ff6b09ac7a41f342fcb2ef0bd6217900c8e3afc2,1,data/malware_images/images/GuLoader/6386bdea82bd60270722ec90ff6b09ac7a41f342fcb2ef0bd6217900c8e3afc2.png
335e2d5a6ac8061a9a8da27b90a333b3f0c6c38da2fb4bb4c14252ce23b3ce31,1,data/malware_images/images/Trickbot/335e2d5a6ac8061a9a8da27b90a333b3f0c6c38da2fb4bb4c14252ce23b3ce31.png
cabd27c6a3959d7f313b5e73679637c93fd21db0e6e6ee3e78a6d5e264068407,1,data/malware_images/images/GuLoader/cabd27c6a3959d7f313b5e73679637c93fd21db0e6e6ee3e78a6d5e264068407.png
fa0e3fda7926d3b8e68dc1a556a9d1722f28d883ec2f37498f5348cd1233618e,0,data/benign_staging/benign/fa0e3fda7926d3b8e68dc1a556a9d1722f28d883ec2f37498f5348cd1233618e.png
babc49669870a77848dfcb57d2a7f2b0be02ed36b504f7c93369d74b2b4a43a0,0,data/benign_staging/benign/babc49669870a77848dfcb57d2a7f2b0be02ed36b504f7c93369d74b2b4a43a0.png
471325daa2bc75f50856e93e9de088386556fc3ead653894d5c2a67f2a8b4975,1,data/malware_images/images/Gozi/471325daa2bc75f50856e93e9de088386556fc3ead653894d5c2a67f2a8b4975.png
e6e45208a552b3ae816357e4fe679a11f7d7dde557e689c40690b3639520f254,1,data/malware_images/images/Trickbot/e6e45208a552b3ae816357e4fe679a11f7d7dde557e689c40690b3639520f254.png
f5dfaa86997c4be93beeb08ba646c6ae5565ffc09b115829bf18bca9e84d8e14,1,data/malware_images/images/Trickbot/f5dfaa86997c4be93beeb08ba646c6ae5565ffc09b115829bf18bca9e84d8e14.png
d9b40c2b268ff23981ec939f0b1d8e395df51e0545e1ada4fd1cc16b60c574b6,1,data/malware_images/images/IcedID/d9b40c2b268ff23981ec939f0b1d8e395df51e0545e1ada4fd1cc16b60c574b6.png
8f6b47cb352b932d8133cf8e950c037b4e545753699fec2ca5849b269b8bd12e,1,data/malware_images/images/Gozi/8f6b47cb352b932d8133cf8e950c037b4e545753699fec2ca5849b269b8bd12e.png
4015c3bdb45127f210d6e9f6b1607c804dca4ef562d7a86bb2cfad924f1f22da,1,data/malware_images/images/IcedID/4015c3bdb45127f210d6e9f6b1607c804dca4ef562d7a86bb2cfad924f1f22da.png
9ccf26b5d744afa2b1b0a74ce4e100d33ec4a0e431505861879eeffd55978c01,1,data/malware_images/images/Gozi/9ccf26b5d744afa2b1b0a74ce4e100d33ec4a0e431505861879eeffd55978c01.png
c7ac5f99f241b39369e98c7d11c3ed9c97eb6b77f4cebf44acecf5f99b1fc8b9,0,data/benign_staging/benign/c7ac5f99f241b39369e98c7d11c3ed9c97eb6b77f4cebf44acecf5f99b1fc8b9.png
bf0e887d0057745b2bd3225f74d50545a38c94b7e7f3fd96d7ad24ee1146f2de,0,data/benign_staging/benign/bf0e887d0057745b2bd3225f74d50545a38c94b7e7f3fd96d7ad24ee1146f2de.png
1629630cf717f6abe87bd15813ff693441ea6ea32785c08eb88fe82c9e05f45f,0,data/benign_staging/benign/1629630cf717f6abe87bd15813ff693441ea6ea32785c08eb88fe82c9e05f45f.png
e86738131218d2fcf4d82034d5cd0940f9044628123323e7a334097df7913012,0,data/benign_staging/benign/e86738131218d2fcf4d82034d5cd0940f9044628123323e7a334097df7913012.png
62d33b207f1134dbc62090768893f1ab9aa40e3e0315f9e4c2673e5244e07549,1,data/malware_images/images/IcedID/62d33b207f1134dbc62090768893f1ab9aa40e3e0315f9e4c2673e5244e07549.png
e9875f1f3279e3bd42b36c071974d9108802919070fcb4a29218858895feb4d6,1,data/malware_images/images/Gozi/e9875f1f3279e3bd42b36c071974d9108802919070fcb4a29218858895feb4d6.png
4e6444baf61bba9f9ef1747aeb3ebc31151769e0666b8259d342ed2008e73844,1,data/malware_images/images/GuLoader/4e6444baf61bba9f9ef1747aeb3ebc31151769e0666b8259d342ed2008e73844.png
ab58aec6825baf6f83a0c3de3553dd1b727934bcdbb05f6644122911a514f079,1,data/malware_images/images/GuLoader/ab58aec6825baf6f83a0c3de3553dd1b727934bcdbb05f6644122911a514f079.png
ec239cea89c5def6ff25870f9bf97dda8bef7af85c9c4bfe5fb3cc9d8ab75f6a,1,data/malware_images/images/njrat/ec239cea89c5def6ff25870f9bf97dda8bef7af85c9c4bfe5fb3cc9d8ab75f6a.png
4d7144c292e2944adcf1e13a1b733a3459536f4252c3991941995e63b986bdb4,1,data/malware_images/images/njrat/4d7144c292e2944adcf1e13a1b733a3459536f4252c3991941995e63b986bdb4.png
c2b9bbe5c3c2c0c33e7a828b3472c79921e255e3196ce3784efd007cfd7adab9,0,data/benign_staging/benign/c2b9bbe5c3c2c0c33e7a828b3472c79921e255e3196ce3784efd007cfd7adab9.png
41ef7596040dce2264dc630d2b2b48c255175dbd3b64550405e85f7acdb465bc,1,data/malware_images/images/Trickbot/41ef7596040dce2264dc630d2b2b48c255175dbd3b64550405e85f7acdb465bc.png
674e6af13bc6b40d023c0d9306b7ba538f8dc7110da48067174858b605851aa1,1,data/malware_images/images/njrat/674e6af13bc6b40d023c0d9306b7ba538f8dc7110da48067174858b605851aa1.png
07615d1ba250df0b9c8772c31ec13e14b304d62ebe6258e6ae085cd8d3bacdb4,0,data/benign_staging/benign/07615d1ba250df0b9c8772c31ec13e14b304d62ebe6258e6ae085cd8d3bacdb4.png
